Tiempo,Generaciones,Sventana,C,Valores,Varianzas,Fit
8.735277937E9,3,1,0.817,[244.47891213841308, 378.8117480211435, 1531.732135066296],[223.96245861843133, 166.87347656622526, 2334.1630298031387],145.36
7.209396423E9,1,1,0.817,[1037.3052833379438, 1198.39508054217, 1278.4734498008224],[1511.8264559460893, 1960.9894182475655, 1156.25306597499],144.72
1.0695620541E10,1,1,0.817,[60.559385143264365, 3620.0552318309437, 401.2205150505338],[849.850932268422, 1679.1137788260148, 2187.4884979546564],150.85
7.123441544E9,1,1,0.817,[110.53573551748227, 631.7562735320282, 342.60810294793913],[663.8368663269317, 1976.9137609748852, 311.01970407931947],153.97
3.1874816919E10,10,3,0.817,[144.22819613733927, 858.590609587173, 8042.425754025361],[6.220531920958634, 251.1377512820475, 589.4722594492471],234.32