Experimento,S,C,Umbral,MinVarianza,MaxVarianza,Tiempo,Generaciones,Valores,Varianzas,bestFit
log0-0.txt,5,0.817,0.001,0,200,6.8088591692E10,3,[1237.4441133265232, 1210.2595976428177, 1624.5858761153597, 1175.639575776577, 5266.90162118473, 4307.95192591703, 7666.188619183535, 4543.361324485037, 5681.778364624698, 6963.561772730702, 3470.0022478566943, 6313.942352792529],[98.12938194622089, 74.1912794447993, 108.45338352530108, 199.22025553256546, 176.95558571876313, 187.37814636836544, 111.57047556566472, 41.492855949307604, 169.36556301213463, 41.320326113222116, 121.28555520332213, 40.14151705384783],264.4657142857143
log1-0.txt,10,0.817,0.001,0,200,7.8583125646E10,3,[6518.3237612349885, 7563.336384398253, 1525.7201071901827, 3969.208960047958, 5712.545754399828, 4238.085702905202, 1945.67286170414, 6249.839394633158, 2704.1665179799606, 1255.6342876139965, 6922.875967380724, 4724.757143516118],[183.20836474276385, 60.77804230395856, 166.95934829274114, 90.52703260293175, 46.337810820896294, 150.65597731538122, 132.3149485454207, 135.9934818091776, 108.80409133957085, 84.50615275047666, 23.974466424044415, 147.20891365193532],261.2714285714286