Experimento,Fichero,S,C,Umbral,MinVarianza,MaxVarianza,Intervalos,Tiempo,Generaciones,Valores,Varianzas,meanFit,bestFit
0,log0-1,5,0.817,0.001,0,200,4,4.8568041935E10,3,[1934.3069070694933, 9045.396566100106, 7619.829561661566, 1880.8472485041284, 4118.909990327528, 4277.732812340281, 5769.363479579465, 2939.6735794100996, 7513.767311018706, 1750.177098342943, 6898.783061833035, 1469.3702350676256],[93.76150677612982, 73.72913647802208, 175.95361582786566, 61.73590076181614, 118.70374661210886, 12.575454111802497, 24.69239829411316, 128.38203263624786, 4.821396996185023, 39.46475465325783, 4.723906508677156, 108.01580771321287],231.77142857142857,215.5842857142857
1,log1-0,10,0.817,0.001,0,200,4,4.1279542968E10,3,[7550.252591681499, 5073.763946416474, 5064.747219065849, 801.914332101761, 287.7554271278797, 3839.034471314262, 4151.649851820778, 2172.141242535521, 2148.1628081629715, 2753.7493012866107, 5661.887673989747, 4102.1320411053675],[124.20078810701285, 25.039499342352368, 51.2677467490668, 134.8127960270564, 26.4836114286201, 190.8560697099964, 151.78945191136404, 111.34581591784922, 169.6452025576804, 53.939948516892144, 184.6257794504898, 179.84605980457863],251.74,241.31714285714284